title,views,link,upload_date,likes,dislikes
Î¤Î¿Ï…Ï‚ Î­Î´ÎµÎ¹Î¾Î± Ï„Î¿Î½ Î²Î±ÏƒÎ¹Î»Î¹Î¬ ÎºÎ±Î¹ Î­Ï„ÏÎµÎ¾Î±Î½ Ï„Î± ÏƒÎ¬Î»Î¹Î± Ï„Î¿Ï…Ï‚!,"79,020",https://www.youtube.com/watch?v=HBnnMnbMMcg,"Oct 5, 2020","9,009",64
SIMULIA  - Tank Sloshing Simulation,"5,147,672",https://www.youtube.com/watch?v=56cxOzgl-mc,"Aug 21, 2019","41,756","1,205"
3 Hours of Deep Focus Music for Studying - Ambient Study Music to Concentrate,"352,470",https://www.youtube.com/watch?v=jrsxFEpwSlk,"Jul 27, 2020",884,9
Clarkson's Favourite Rally Battle: 1983 Audi Quattro VS. Lancia 037 | Amazon Prime Video NL,"689,890",https://www.youtube.com/watch?v=6lo4dGTrzr8,"Aug 17, 2020","15,139",285
Î“Î¹Î¬Î½Î½Î± Î¤ÎµÏÎ¶Î® & Î Î±ÏƒÏ‡Î¬Î»Î·Ï‚ Î¤ÎµÏÎ¶Î®Ï‚ - Î“Î¹Î± Î£Î­Î½Î± ÎœÏŒÎ½Î¿ (Official Music Video),"800,265",https://www.youtube.com/watch?v=K9SZY8hje8k,"Sep 28, 2020","27,678",206
Î—Î›Î™Î‘Î£ ÎšÎ‘ÎœÎ Î‘ÎšÎ‘ÎšÎ—Î£ LIVE | NYXTA ÏƒÏ„Î¿Î½ Î¡Î¥Î˜ÎœÎŸ (full show Î¡Ï…Î¸Î¼ÏŒÏ‚ 949),"77,262",https://www.youtube.com/watch?v=F6ZXUA6QDOE,"Streamed live Sep 30, 2020","2,182",34
Billie Eilish - No Time To Die,"9,882,079",https://www.youtube.com/watch?v=BboMpayJomw,"Oct 1, 2020","1,056,016","17,051"
Î¤Î± Ï€Î¹Î¿ ÏƒÏ…Î½Î±ÏÏ€Î±ÏƒÏ„Î¹ÎºÎ¬ Î´Î¹Î±ÏƒÏ„Î·Î¼Î¹ÎºÎ¬ Î½Î­Î± Ï„Î¿Ï… ÎºÎ±Î»Î¿ÎºÎ±Î¹ÏÎ¹Î¿Ï | Î”Î¹Î±ÏƒÏ„Î·Î¼Î¹ÎºÎ¬ ÎÎ­Î± (#5),"76,491",https://www.youtube.com/watch?v=MMMe7k7xlrk,"Sep 30, 2020","6,137",44
Î¤Î¿ Î´Î·Î»Î·Ï„Î®ÏÎ¹Î¿ Ï€Î¿Ï… ÏƒÎµ ÎºÏÎ±Ï„Î¬ÎµÎ¹ Î¶Ï‰Î½Ï„Î±Î½ÏŒ - What the Fact?! #60,"163,619",https://www.youtube.com/watch?v=jbND1erk7WE,"Oct 1, 2020","15,566",185
"""Î Î¡ÎŸÎ’Î›Î—ÎœÎ‘"" Part 1 . Stand up comedy Special . Live ÎŸÎ‘ÎšÎ‘ . ÎšÏÏƒÏ„Î±Ï‚ ÎœÎ±Î»Î¹Î¬Ï„ÏƒÎ·Ï‚ Salas","33,081",https://www.youtube.com/watch?v=pSDTi4fGAOM,"Oct 4, 2020","3,091",31
"Î§Î™Î›Î™ÎŸÎœÎ•Î¤Î¡Î‘ - Madclip, Hawk, Light, Sapranov (Official Music Video)","1,142,911",https://www.youtube.com/watch?v=E2uYN256Jco,"Oct 2, 2020","58,401","1,944"
Î ÏÎ¿ÏƒÏ‰Ï€Î¹ÎºÎ¬ Î¡Î¿Î¶ Î’Î¯Î½Ï„ÎµÎ¿ & Î ÏÎ¿Ï€Î±Î³Î¬Î½Î´Î±! (Î“ÎµÎ½Î¹ÎºÎ® Î£Ï…Î¶Î®Ï„Î·ÏƒÎ· #13),"162,079",https://www.youtube.com/watch?v=eWk8y8a-d_Q,"Oct 3, 2020","27,536",338
Dua Lipa - Levitating Featuring DaBaby (Official Music Video),"4,649,649",https://www.youtube.com/watch?v=TUVcZfQe-Kw,"Oct 2, 2020","461,254","5,436"
Kako - ÎœÎµ ÏˆÏ…Ï‡Î® Î´Î¿Î»Î¿Ï†ÏŒÎ½Î¿Ï…,"15,043",https://www.youtube.com/watch?v=oneaQg8QtG8,"Oct 4, 2020","3,474",12
"HIGHLIGHTS | MANCHESTER UNITED 1-6 SPURS | Ndombele, Son, Kane & Aurier score in emphatic win","2,853,146",https://www.youtube.com/watch?v=WCxaz4i_pmQ,"Oct 4, 2020","49,796","1,875"
HIGHLIGHTS | Aston Villa 7-2 Liverpool,"2,542,566",https://www.youtube.com/watch?v=0Nbw3jSafGM,"Oct 4, 2020","54,070","1,690"
Î›Î•Î - VARANE,"4,325,049",https://www.youtube.com/watch?v=tFgjAhaj4rE,"Jun 13, 2020","70,999","1,854"
Unlike Pluto ft. Joanna Jones - No Scrubs (Cover),"15,553,702",https://www.youtube.com/watch?v=2xC82vebOAE,"Jun 16, 2017","66,976","1,981"
Freeze Dance  + More Nursery Rhymes & Kids Songs - CoComelon,"8,645,023",https://www.youtube.com/watch?v=DHMxk2KvAyI,"Oct 2, 2020","57,253","36,192"
Î•Î¥Î¤Î¥Î§Î™Î£ÎœÎ•ÎÎŸÎ™ ÎœÎ‘Î–Î™ Î•Î Î•Î™Î£ÎŸÎ”Î™ÎŸ 4 ÎšÎ¥ÎšÎ›ÎŸÎ£ 2,"3,158,332",https://www.youtube.com/watch?v=-RUdeKwJBtA,"Dec 5, 2012","17,741","1,078"
REAL TIME study with me (no music) : 2 hour pomodoro session (50 min) with break (background noise),"311,196",https://www.youtube.com/watch?v=i_2TnX0Xc5c,"Apr 16, 2020","8,272",110
CAMERAMAN,"26,698,063",https://www.youtube.com/watch?v=jG4zCt4Nlis,"Nov 23, 2014","1,079,212","9,859"
Î“Î¹ÏÏÎ³Î¿Ï‚ Î Î±Ï€Î±Î´ÏŒÏ€Î¿Ï…Î»Î¿Ï‚ - Î‘Î³Î¬Ï€Î· ÎœÎ¿Ï… - Official Music Video,"5,750,963",https://www.youtube.com/watch?v=UKA6tvaHwEw,"Mar 13, 2020","38,819",699
Trust in Physics,"16,184,637",https://www.youtube.com/watch?v=xXXF2C-vrQE,"Apr 15, 2014","485,014","6,032"
100â‚¬: Î— Ï€Î¹Î¿ Ï…Ï€Î¿Ï„Î¹Î¼Î·Î¼Î­Î½Î· Ï€ÏÏ‰Ï„ÎµÏÎ¿Ï…ÏƒÎ± Ï„Î·Ï‚ Î•Ï…ÏÏÏ€Î·Ï‚!,"62,301",https://www.youtube.com/watch?v=99WgnPhrh54,"Sep 30, 2020","3,041",21
Cleaning The Dirtiest Jordan's Ever! $600 2001 Black Cement 3's Back To NEW!,"22,090,160",https://www.youtube.com/watch?v=WMiWa48mWVU,"Aug 25, 2019","371,897","19,556"
Cafe Music!!Jazz & Bossa Nova instrumental Music!!,"33,960,650",https://www.youtube.com/watch?v=K2Q6YO3Ez44,"Aug 19, 2015","101,897","7,148"
Scottish Fold munchkin,"42,434,898",https://www.youtube.com/watch?v=7VSR4_tAYvw,"Oct 1, 2008","1,007,062","16,896"
Î¤ÏÎµÎ»ÏŒÏ‚ ÎµÎ¯Î¼Î±Î¹ Î¿Ï„Î¹ Î¸Î­Î»Ï‰ ÎºÎ¬Î½Ï‰ (1985) (dvdrip),"1,087,513",https://www.youtube.com/watch?v=ozoyRNvHpz4,"Jan 23, 2017","4,631",418
Bear Grylls & Son take on IMPOSSIBLE Helicopter Skydiving Challenge!,"1,221,638",https://www.youtube.com/watch?v=3wfGjVQfDNM,"Oct 1, 2020","19,362",777
lofi hip hop radio - beats to relax/study to,"56,798 watching now",https://www.youtube.com/watch?v=5qap5aO4i9A,"Started streaming Feb 22, 2020","2,829,145","57,265"
"Action (2020) New Released Hindi Dubbed Full Movie | Vishal, Tamannaah, Aishwarya Lekshmi, Yogi Babu","9,370,921",https://www.youtube.com/watch?v=q_3TWLY7h2k,"Oct 4, 2020","281,473","12,506"
OMG HIS VOICE IS UNIQUE- Michael Jackson - Billie Jean | Allie Sherlock & Fabio Rodrigues,"32,892,768",https://www.youtube.com/watch?v=WcWA1LoeWU4,"Jul 8, 2020","560,447","18,162"
"ÎŒ,Î¤Î™ Î”Î•Î Î¤ÎŸÎ›ÎœÎ‘Î£ ÎÎ‘ Î Î•Î™Î£ Î£Î¤ÎŸÎ¥Î£ Î“ÎŸÎÎ•Î™Î£ Î£ÎŸÎ¥ | The Carrot Tards","27,776",https://www.youtube.com/watch?v=2nfcKVQQ_oM,"Oct 4, 2020","2,067",15
"AMONG US, but with 100 PLAYERS","39,104,065",https://www.youtube.com/watch?v=XLPxuqcEVso,"Sep 24, 2020","1,711,544","31,316"
Rowan Atkinson in Star in a Reasonably Priced Car | Top Gear - BBC,"17,545,213",https://www.youtube.com/watch?v=JOg_smPzq5A,"Jul 22, 2011","143,736","2,221"
Gabriel Vitel - Feeling Better,"2,103,709",https://www.youtube.com/watch?v=1XsfrpqXPc0,"Jan 22, 2019","14,548",152
Relaxing Fireplace Sounds - Burning Fireplace & Crackling Fire Sounds (NO MUSIC),"3,695,556",https://www.youtube.com/watch?v=WuHSBSLK3_A,"Feb 20, 2019","14,130",638
Chain Throwing Axe - Restoration Upgrade,"36,242,206",https://www.youtube.com/watch?v=ICLNbP5iXUg,"Jul 20, 2019","348,442","23,254"
Teriyaki Boyz - Tokyo Drift (Live Launchpad Trap Remix),"23,308,408",https://www.youtube.com/watch?v=w5qUScDTZE8,"Jan 4, 2016","391,255","18,509"
Lamborghini Aventador SVJ vs Huracan Performante DRAG RACE,"1,248,066",https://www.youtube.com/watch?v=nJF9eZT5xaY,"Oct 3, 2020","67,374","1,004"
This is how Andreas Papandreou stopped the Turks in the 1987 crisis,"769,293",https://www.youtube.com/watch?v=6_0YSNG-9P8,"Feb 14, 2018","6,453",584
Kit Harington vs Toothless Funny Clip - HOW TO TRAIN YOUR DRAGON 3 (2019),"14,840,719",https://www.youtube.com/watch?v=-IH3iDogzYk,"Dec 14, 2018","365,594","4,543"
"Beautiful Relaxing Music for Stress Relief â€¢ Meditation Music, Sleep Music, Ambient Study Music","16,341,214",https://www.youtube.com/watch?v=2OEL4P1Rz04,"Sep 4, 2019","113,258","6,150"
â™« Î£Ï„Î¿ ÏƒÏ€Î¯Ï„Î¹ Î¼Îµ Ï„Î¿Ï…Ï‚ Î Ï…Î¾ Î›Î±Î¾ (Full Î•ÎºÏ€Î¿Î¼Ï€Î®) (MEGA) 12/6/2020,"287,935",https://www.youtube.com/watch?v=guGx-nSclCY,"Jun 12, 2020","3,292",101
Î¤Î¿ Î£ÏŒÎ¹ Î£Î¿Ï… - Î•Ï€ÎµÎ¹ÏƒÏŒÎ´Î¹Î¿ 41 Î£ÎµÎ¶ÏŒÎ½ 5,"1,747,560",https://www.youtube.com/watch?v=mrfJm-JUR7E,"Dec 29, 2019","13,873",868
"Dua Lipa, Coldplay, Martin Garrix & Kygo, The Chainsmokers Style - Feeling Me #10","3,013,253",https://www.youtube.com/watch?v=C35OJ81vv9g,"Apr 1, 2020","10,652",409
Parkour Experts Try to Keep Up With Gymnasts | SELF,"8,269,250",https://www.youtube.com/watch?v=d3qOoYZppaQ,"Nov 12, 2019","144,882","2,652"
Î Î­Î½Ï„Îµ ÎºÎ±Ï„Î±ÏƒÏ„Î¬ÏƒÎµÎ¹Ï‚ Ï€Î¿Ï… ÏŒÎ»Î¿Î¹ Î­Ï‡Î¿Ï…Î¼Îµ Î¶Î®ÏƒÎµÎ¹ ÏƒÎµ Î»ÎµÏ‰Ï†Î¿ÏÎµÎ¯Î¿,"1,421,733",https://www.youtube.com/watch?v=Fi8BjqCSXcQ,"Mar 2, 2020","38,387",608
German Shepherd suddenly realizes he is at the vet,"23,359,615",https://www.youtube.com/watch?v=g49HOqVTbB4,"Sep 10, 2014","310,869","5,881"
Deep Focus Music For Studying - Ambient Music for Concentration,"359,885",https://www.youtube.com/watch?v=b4qMka1WJIs,"Apr 6, 2020","3,001",74
Jack Black Performs His Legendary Sax-A-Boom with The Roots,"60,386,344",https://www.youtube.com/watch?v=cLmCJKT5ssw,"Sep 21, 2018","1,366,598","20,838"
Ep. 13 Bad mofos of History - Xanthippus the Spartan [ENG SUBS],"73,905",https://www.youtube.com/watch?v=g6Jb27Feb98,"Sep 14, 2020","5,755",101
Î“Î™Î©Î¡Î“ÎŸÎ£ ÎœÎ‘Î–Î©ÎÎ‘ÎšÎ—Î£ - ÎˆÎ½Î± Î¸Î±ÏÎ¼Î± | ÎÎ¥Î§Î¤Î‘ Î£Î¤ÎŸÎ Î¡Î¥Î˜ÎœÎŸ,"6,727,419",https://www.youtube.com/watch?v=BB2IO3ULK8E,"Mar 5, 2019","17,095",719
Î•Î¥Î¤Î¥Î§Î™Î£ÎœÎ•ÎÎŸÎ™ ÎœÎ‘Î–Î™ Î•Î Î•Î™Î£ÎŸÎ”Î™ÎŸ 25 ÎšÎ¥ÎšÎ›ÎŸÎ£ 1,"3,059,251",https://www.youtube.com/watch?v=MNhY2BXpeak,"Dec 4, 2012","16,420",822
bear sits next to guy,"58,349,425",https://www.youtube.com/watch?v=rbE53XUtVw0,"Jun 15, 2014","968,531","15,230"
Ã„TER ALL Ã„CKLIG MAT I STOCKHOLM,"99,418",https://www.youtube.com/watch?v=36mCk01Peg0,"Oct 4, 2020","6,178",69
Î”ÎµÎ½ ÎºÎ±Ï„Î±Î»Î±Î²Î±Î¯Î½Ï‰ Ï„Î·Î½ Ï€ÏÎ¿Ï†Î¿ÏÎ¬ ÏƒÎ¿Ï…,"198,178",https://www.youtube.com/watch?v=BBRXf_KTGqk,"Mar 7, 2018","5,011",92
BUGATTI Chiron 0-400-0 km/h in 42 seconds â€“ A WORLD RECORD #IAA2017,"52,687,524",https://www.youtube.com/watch?v=PkkV1vLHUvQ,"Sep 12, 2017","728,561","19,365"
seferlis pame paketo part 1,"694,336",https://www.youtube.com/watch?v=iZ1pB8ZGh80,"Dec 30, 2009","3,930",256
Dream Jump - Dubai 4K,"71,248,352",https://www.youtube.com/watch?v=Fhskvloj1gE,"Apr 28, 2015","676,084","21,326"
Bloody Hawk - Î‘Î½Î¬Î³ÎºÎ· Î½Î± ÏƒÎµ Î´Ï‰,"6,078,928",https://www.youtube.com/watch?v=bt_nQiDBp34,"May 14, 2017","60,323","1,074"
"Classical Music for Studying & Brain Power | Mozart, Vivaldi, Tchaikovsky...","8,589,965",https://www.youtube.com/watch?v=BMuknRb7woc,"Aug 27, 2018","58,602","2,013"
Î›ÏÎ½Î¿Ï…Î¼Îµ Ï„Î± ÎµÏÏ‰Ï„Î¹ÎºÎ¬ ÏƒÎ±Ï‚! | ÎšÎ±Î»ÏŒ ÎœÎµÏƒÎ·Î¼ÎµÏÎ¬ÎºÎ¹ | 05/10/2020,420,https://www.youtube.com/watch?v=IpLIVi7ZvtU,"Oct 5, 2020",59,1 dislike
Chicken Hugs Boy After Recognizing Him with New Haircut | The Dodo,"4,304,795",https://www.youtube.com/watch?v=mrQ5lQxNImk,"Jul 15, 2017","66,992",729
EVERTON 4-2 BRIGHTON | JAMES RODRIGUEZ AT THE DOUBLE! | PREMIER LEAGUE HIGHLIGHTS,"3,118,527",https://www.youtube.com/watch?v=2Wln8D4CgeY,"Oct 3, 2020","42,086","1,375"
ã„ã¡ã”ã®ãƒ¬ã‚¢ãƒãƒ¼ã‚ºã‚±ãƒ¼ã‚­ã®ä½œã‚Šæ–¹ No-Bake Strawberry Cheesecakeï¼ŠEggless & Without ovenï½œHidaMari Cooking,"10,680,243",https://www.youtube.com/watch?v=2utgqRCAIr4,"Mar 27, 2020","270,698","4,781"
Sen Ã‡al KapÄ±mÄ± 13. BÃ¶lÃ¼m 2. FragmanÄ±,"4,242,101",https://www.youtube.com/watch?v=A18L6KQ6d0E,"Oct 3, 2020","73,886","2,353"
Never play Among Us with Voice Actors.....,"529,922",https://www.youtube.com/watch?v=ZatCzGT2ri4,"Sep 9, 2020","22,685",313
The Infinite Pattern That Never Repeats,"4,673,981",https://www.youtube.com/watch?v=48sCx-wBs34,"Sep 30, 2020","210,560","2,695"
Î”Î®Î¼Î¿Ï‚ Î‘Î½Î±ÏƒÏ„Î±ÏƒÎ¹Î¬Î´Î·Ï‚ - ÎœÎ· Î§Î±Î½ÏŒÎ¼Î±ÏƒÏ„Îµ - Official Music Video,"429,385",https://www.youtube.com/watch?v=NBdKuHx8iwY,"Sep 9, 2020","7,720",148
ÎŸÎ”Î—Î“Î™Î•Î£ Î§Î¡Î—Î£Î—Î£: Î Ï‰Ï‚ Î½Î± ÎµÏ€Î¹Î²Î¹ÏÏƒÎµÎ¹Ï‚ ÏƒÎµ Î­Î½Î± Î‘Î¸Î»Î·Ï„Î¹ÎºÏŒ Î¡Î±Î´Î¹ÏŒÏ†Ï‰Î½Î¿ | Î‘Î»Î­Î¾Î±Î½Î´ÏÎ¿Ï‚ Î¤ÏƒÎ¿Ï…Î²Î­Î»Î±Ï‚,"143,195",https://www.youtube.com/watch?v=YXg76dLjHkI,"Sep 11, 2020","3,909",48
4K Relaxing Fireplace with Crackling Fire Sounds ğŸ”¥ - No Music - 4K UHD - 2 Hours Screensaver,"10,102,431",https://www.youtube.com/watch?v=bmGsQkLb4yg,"Jan 11, 2017","51,375","2,288"
One Punch Man - Blade Breakfast,"15,801,569",https://www.youtube.com/watch?v=ENw8znw2Vo4,"Nov 8, 2015","130,609","3,651"
Cozy Evenings â„ï¸ | An Indie/Chill Mix,"6,537,418",https://www.youtube.com/watch?v=tHNSzNlgRZA,"Dec 1, 2018","127,300","1,419"
Mechanical principles part 01,"2,475,832",https://www.youtube.com/watch?v=-42Z-_Kq0QU,"May 24, 2019","62,107","1,387"
Deep Cleaning a Farmer's DIRTY Escalade! | Insanely Dusty Car Detailing of a Cadillac!,"555,141",https://www.youtube.com/watch?v=QcUanBaH7_g,"Oct 2, 2020","18,977",243
when you drill a hole through the center of earth,"4,485,067",https://www.youtube.com/watch?v=aoLRxLMw-Ag,"Aug 30, 2020","96,677","1,705"
Rare Video: Japan Tsunami | National Geographic,"52,756,814",https://www.youtube.com/watch?v=oWzdgBNfhQU,"Jun 13, 2011","286,390","13,623"
Î“Î™Î©Î¡Î“ÎŸÎ£ Î£Î‘ÎœÎ Î‘ÎÎ—Î£ LIVE | NYXTA ÏƒÏ„Î¿Î½ Î¡Î¥Î˜ÎœÎŸ (full show Î¡Ï…Î¸Î¼ÏŒÏ‚ 949),"201,081",https://www.youtube.com/watch?v=-KDZN9C7VNE,"Streamed live Jun 30, 2020","4,284",72
"-46Â°C (-51Â°F) in Yakutsk City, Siberia / Russia","15,246,558",https://www.youtube.com/watch?v=qVHofQB1xCw,"Jan 14, 2013","92,105","3,625"
Î•Î¥Î¤Î¥Î§Î™Î£ÎœÎ•ÎÎŸÎ™ ÎœÎ‘Î–Î™ Î•Î Î•Î™Î£ÎŸÎ”Î™ÎŸ 3 ÎšÎ¥ÎšÎ›ÎŸÎ£ 2,"2,266,284",https://www.youtube.com/watch?v=LTB74qA3qOw,"Dec 5, 2012","14,538",843
30+ BLOSSOM TRICKS FOR YOUR LITTLE GARDEN,"4,359,767",https://www.youtube.com/watch?v=jQLNVPTg3rA,"Aug 6, 2020","48,990","4,530"
Every programming tutorial,"6,687,701",https://www.youtube.com/watch?v=MAlSjtxy5ak,"Sep 26, 2019","476,621","4,749"
songs that bring you back to that summer night ~ extended,"1,566,875",https://www.youtube.com/watch?v=81--kVsveqQ,"Jul 13, 2020","86,466",533
760HP Audi 100 Quattro vs Mercedes-AMG GT63s 4Door vs Nissan GT-R R35,"2,311,927",https://www.youtube.com/watch?v=xbuzqU6Cggg,"Aug 3, 2020","19,726",928
Go to Sleep with Thunder & Rain Sounds | Relaxing Sounds for Insomnia Symptoms & Sleeping Disorders,"49,672,617",https://www.youtube.com/watch?v=74b3Zb18UDM,"Nov 13, 2017","1,236,190","29,479"
Deep Focus Music For Studying - Concentration Music for Working and Reading,"404,881",https://www.youtube.com/watch?v=KEnL93sCbww,"Aug 16, 2020",854,20
BTS: Dynamite,"9,397,349",https://www.youtube.com/watch?v=lPi7cQGNqcM,"Oct 2, 2020","1,491,112","6,148"
Î˜Î± Ï€Î¬Î¸ÎµÏ„Îµ Ï€Î»Î¬ÎºÎ±! Î£Î¿ÎºÎ¿Î»Î±Ï„Î¿Î³Î»Ï…ÎºÏŒ Î ÎµÎ¹ÏÎ±ÏƒÎ¼ÏŒÏ‚ Î¼Îµ 3 ÎœÎŸÎÎŸ Ï…Î»Î¹ÎºÎ¬ - 3 Ingredient No Bake Chocolate Cake,"273,207",https://www.youtube.com/watch?v=x8CtAM2-YIo,"Aug 20, 2020","10,882",129
Capital T - JE Tâ€™AIME  (Prod. BO Beatz),"8,691,860",https://www.youtube.com/watch?v=OiEdjaaX2o0,"Feb 14, 2020","52,503","1,171"
Î“Î™ÎÎ‘ÎœÎ• Î‘Î£Î¤Î¥ÎÎŸÎœÎ™ÎšÎŸÎ™! GTA RP | TechItSerious,"159,501",https://www.youtube.com/watch?v=QNtWsHc97Lw,"Sep 19, 2020","10,971",115
ÎˆÏ„ÎµÏÎ¿Ï‚ Î•Î³Ï (official full movie),"3,410,846",https://www.youtube.com/watch?v=y3zho2aV2bs,"Jan 2, 2018","46,734",993
World's First Automatic Strike Bowling Ball,"27,707,237",https://www.youtube.com/watch?v=wM5NHC97JBw,"Nov 14, 2019","529,356","9,334"
"6 Hour Relaxing Music: Nature Sounds, Guitar Instrumental, Acoustic Guitar, Background Music, âœ¿2432C","11,086,548",https://www.youtube.com/watch?v=vrEXmO5yJIc,"Nov 24, 2015","36,232","2,942"
Î“ÎµÏ‰Ï€Î¿Î»Î¹Ï„Î¹ÎºÎ® ÎºÎ±Î¹ Î•Î½ÎµÏÎ³ÎµÎ¹Î±ÎºÎ­Ï‚ ÎœÎµÏ„Î±Î²Î»Î·Ï„Î­Ï‚ ÏƒÏ„Î·Î½ Î‘Î½Î±Ï„Î¿Î»Î¹ÎºÎ® ÎœÎµÏƒÏŒÎ³ÎµÎ¹Î¿,"36,143",https://www.youtube.com/watch?v=Q67N8QJQU68,"Oct 2, 2020",643,20
Billie Eilish - Ocean Eyes (Dance Performance Video),"62,961,073",https://www.youtube.com/watch?v=hG4lT4fxj8M,"Nov 22, 2016","1,216,858","12,383"
2021 Mercedes S-Class - Crash Test and Safety,"5,160,094",https://www.youtube.com/watch?v=Z10gHrOrlL8,"Aug 3, 2020","55,939","3,189"
Î•Î¥Î¤Î¥Î§Î™Î£ÎœÎ•ÎÎŸÎ™ ÎœÎ‘Î–Î™ Î•Î Î•Î™Î£ÎŸÎ”Î™ÎŸ 20 ÎšÎ¥ÎšÎ›ÎŸÎ£ 1,"3,496,485",https://www.youtube.com/watch?v=UzYa6R5445w,"Dec 3, 2012","18,981","1,139"
íƒ€ìš” ìŠˆí¼êµ¬ì¡°ëŒ€ 01í™”~40í™” ì´ì–´ë³´ê¸° ìŠ¤í˜ì…œ | ê¼¬ë§ˆë²„ìŠ¤ íƒ€ìš” | í‚¤ê¸€TV,"4,189,060",https://www.youtube.com/watch?v=tZvoTYtTgr0,"May 14, 2020","11,140","6,811"
Game of Thrones 5x09 - Drogon rescues Daenerys,"57,969,367",https://www.youtube.com/watch?v=dQ-LIOFXzgM,"Jun 7, 2015","208,861","12,193"
ÎˆÎ½Ï„ÎµÏ‡Î½Î± ... Î¼Î¿Î½Î±Î´Î¹ÎºÎ¬... Î£Î±Î½ ÏƒÏ…Î½Î±Ï…Î»Î¯Î± 2.,"3,421,209",https://www.youtube.com/watch?v=Xzt0m4gA0x8,"Oct 17, 2012","6,831",447
Nerf War: City Battle,"1,137,609",https://www.youtube.com/watch?v=Z_JDgk435qE,"Oct 2, 2020","40,643","1,507"
Î‘Î½Î±ÏƒÏ„Î¬ÏƒÎ¹Î¿Ï‚ Î¡Î¬Î¼Î¼Î¿Ï‚ - Î£Îµ Î”Ï…Î¿ ÎœÏŒÎ½Î¿ ÎœÎ¬Ï„Î¹Î± - Official Music Video,"9,423,516",https://www.youtube.com/watch?v=Msng1SVAJDY,"Nov 18, 2019","63,878","1,490"
11 HOURS Stunning 4K Underwater footage + Music | Nature Relaxationâ„¢ Rare & Colorful Sea Life Video,"12,188,574",https://www.youtube.com/watch?v=G52dUQLxPzg,"May 2, 2019","56,587","2,636"
Toothless and his Kids visit New Berk Scene - HOW TO TRAIN YOUR DRAGON: Homecoming (2019),"14,987,133",https://www.youtube.com/watch?v=5gcqvS0taUE,"Nov 25, 2019","147,048","3,251"
Corn Silage Harvest Efficiency,"1,224,500",https://www.youtube.com/watch?v=FzSfasCsyxM,"Sep 24, 2020","19,916",529
"Relaxing Sleep Music - Stress Relief, Relaxing Music, Deep Sleeping Music, Meditation Music","5,288,538",https://www.youtube.com/watch?v=UOHP8JSEJRk,"Aug 25, 2019","44,468","3,330"
"New BMW 4 Series 2021 - PRODUCTION plant in Germany (this is how it's made), RELEASE DATE & PRICE","3,883,066",https://www.youtube.com/watch?v=0O30mE3AqIk,"Jul 1, 2020","17,186","2,055"
Tom & Jerry | Cat-ch Me If You Can! | Classic Cartoon Compilation | WB Kids,"141,631,327",https://www.youtube.com/watch?v=IC7kXsnYCWk,"Apr 13, 2019","566,930","192,137"
late night vibesâ´... ğŸ˜´ calm chillhop beats,"2,004,951",https://www.youtube.com/watch?v=vblXcMky4Fw,"Feb 5, 2020","51,064",529
Minecraft Speedrunner VS 4 Hunters,"26,896,017",https://www.youtube.com/watch?v=7BCojznmtRE,"Sep 4, 2020","2,077,350","16,856"
Î‘Ï…Ï„ÏŒ Î®ÏÎ¸Îµ Î¾ÎµÎºÎ¬Î¸Î±ÏÎ± Î³Î¹Î± Ï„Î¿Î½ Î£Î¬ÎºÎ·!,"216,568",https://www.youtube.com/watch?v=mnOVYLyteEM,"Oct 1, 2020","23,057",136
Conan Gray - Heather (Lyrics),"10,627,012",https://www.youtube.com/watch?v=kmAErqIFlY0,"Aug 31, 2020","180,971","2,164"
Best of Top Gear - Series 10 (2007),"652,342",https://www.youtube.com/watch?v=neUi37CLIFI,"Sep 6, 2020","7,413",212
Wind Turbine Farm Installation From Scratch | Engineering On Another Level,"9,583,601",https://www.youtube.com/watch?v=0vE6QkvcV-s,"Sep 14, 2020","74,399","3,590"
"Chill Out Music Mix ğŸŒ· Best Chill Trap, Indie, Deep House â™«","16,957,572",https://www.youtube.com/watch?v=rj73lCWeZQw,"Feb 24, 2017","159,323","5,124"
CALVERT-LEWIN HITS ANOTHER HAT-TRICK! | EVERTON 4-1 WEST HAM: EXTENDED HIGHLIGHTS,"2,297,600",https://www.youtube.com/watch?v=lqduBFJQTpg,"Sep 30, 2020","24,387",824
OM NOM Stories All Episodes Ğ¡ompilation all Seasons,"11,998,431",https://www.youtube.com/watch?v=XCnwA4y_zqA,"Jun 22, 2018","28,046","12,542"
BMW M3 E46 | Î¤ÎŸ ÎšÎ‘Î™ÎÎŸÎ¥Î¡Î™ÎŸ ÎœÎŸÎ¥ Î‘Î¥Î¤ÎŸÎšÎ™ÎÎ—Î¤ÎŸ,"8,939",https://www.youtube.com/watch?v=VCJIv0PsK6I,"Oct 3, 2020",829,19
Î“Î¹Î¬Î½Î½Î·Ï‚ Î§Î±ÏÎ¿ÏÎ»Î·Ï‚ - Î¤Î¹ Î»Î¬Î¸Î¿Ï‚ ÎºÎ¬Î½Ï‰ - Audio Release,"16,478,713",https://www.youtube.com/watch?v=Wgn5SbpI53k,"Mar 7, 2012","35,917","1,257"
"Î Î±Î¹Ï‡Î½Î¯Î´Î¹Î± Ï€Î¿Ï… ""Ï‡Î±Î½Ï„Î±ÎºÏÎ¸Î·ÎºÎ±Î½"" ÎºÎ±Î¹ Ï„Î± ""Ï€ÏÏŒÏƒÏ†Î±Ï„Î±"" Ï„Î¿Ï… Netflix!","33,571",https://www.youtube.com/watch?v=6kZV1W_TTg0,"Oct 4, 2020","2,446",33
3 Hours of Music For Concentration And Focus - Relaxing Ambient Study Music,"226,617",https://www.youtube.com/watch?v=V-x3C5XivVU,"Apr 30, 2020","1,739",28
Money Trees,"17,150,054",https://www.youtube.com/watch?v=Iy-dJwHVX84,"Jul 26, 2018","174,497","3,287"
Summer Music Mix 2020 ğŸŒ± Melhores Na Balada Jovem Pan 2020 HD ğŸŒ± NÃ£o Pode Deixar De Ouvir #63,"505,799",https://www.youtube.com/watch?v=ls2l2hN2Rg8,"May 17, 2020","1,510",86
SUNDAY COFFEE: Smooth October Jazz - Relax Autumn Jazz & Bossa Nova Music to Chill Out,952 watching now,https://www.youtube.com/watch?v=XzE_OL6PE2E,"Started streaming Oct 3, 2020","1,156",37
Î£Î¤ÎŸ Î Î‘Î¡Î‘ 5: ÎŸÎ›ÎŸ Î¤ÎŸ Î•Î Î•Î™Î£ÎŸÎ”Î™ÎŸ 23,"5,982,871",https://www.youtube.com/watch?v=xL_Y8uZGg0w,"Dec 30, 2011","24,007","1,684"
James Charles Takes a Lie Detector Test!,"3,266,178",https://www.youtube.com/watch?v=6fDiRL6xADs,"Oct 2, 2020","237,805","3,481"
Nikos Vertis & Amir - Si on n'aime qu'une fois / Î— Î›Î­Î¾Î· Î£â€™ Î‘Î³Î±Ï€Ï (Official 4k Videoclip),"19,360,080",https://www.youtube.com/watch?v=KtdOEUENVgk&list=RDCLAK5uy_mxSS3z_xZOQkG2xnwmE30FQpqyolvvGS4&start_radio=1,"Mar 20, 2020","199,790","5,086"
Î§ÏÏ…ÏƒÎ® Î¤Î·Î»ÎµÏŒÏÎ±ÏƒÎ· | ÎšÎ±Î»ÏŒ ÎœÎµÏƒÎ·Î¼ÎµÏÎ¬ÎºÎ¹ | 05/10/2020,"2,610",https://www.youtube.com/watch?v=hTUP4qJZkd8,"Oct 5, 2020",277,14
10 TOP Natural History Moments | BBC Earth,"12,488,857",https://www.youtube.com/watch?v=FeJKJ5MoCHY,"Apr 22, 2020","135,153","3,512"
"Game Theory: Among Us, This ELITE 500 IQ Impostor Strategy Will NEVER Lose!","2,774,062",https://www.youtube.com/watch?v=OVms-94BZIE,"Oct 3, 2020","179,800","3,362"
Î—Î»Î¯Î±Ï‚ ÎœÎ±ÎºÏÎ¯Î´Î·Ï‚ ft. Î§ÏÎ®ÏƒÏ„Î¿Ï‚ ÎœÎ¬ÏƒÏ„Î¿ÏÎ±Ï‚ - Î Î¹Î¬ÏƒÎµ Î‘Ï€' Î¤Î¿ Î§Î­ÏÎ¹ Î¤Î· Î–Ï‰Î® (Î¨Ï…Ï‡Î®Ï‚ ÎšÎ»Ï‰ÏƒÏ„Î®),"167,838",https://www.youtube.com/watch?v=CrDe_r2V0qc,"Sep 20, 2020","4,733",64
"Relaxing Sleep Music: Deep Sleeping Music, Relaxing Music, Stress Relief, Meditation Music â˜…68","215,331,793",https://www.youtube.com/watch?v=1ZYbU82GVz4,"Jul 3, 2016","1,366,801","111,069"
Î¤Î¿ Î£ÏŒÎ¹ Î£Î¿Ï… Î£2 | Î•Ï€ÎµÎ¹ÏƒÏŒÎ´Î¹Î¿ 2,"2,352,929",https://www.youtube.com/watch?v=HYlpCgZBOHs,"Oct 15, 2015","16,999",850
"Kygo, Avicii, Martin Garrix, The Chainsmokers, Dua Lipa Styles - Tell Me U Luv Me#3","149,890",https://www.youtube.com/watch?v=6uXLsQZT33s,"Jun 23, 2020",599,31
Î£Ï„Î­Î»Î¹Î¿Ï‚ Î¡ÏŒÎºÎºÎ¿Ï‚ - Î£' Î‘Î³Î±Ï€Ï - Official Lyric Video,"392,136",https://www.youtube.com/watch?v=Jwtcoy3wNvA&list=RDCLAK5uy_mgs9PgzUX1BjY0lgSMrqVD9qE281ezNwM&start_radio=1,"Mar 23, 2020","5,252",106
Mozart - Classical Music for Brain Power,"13,232,759",https://www.youtube.com/watch?v=iUohO2MSot8,"Dec 31, 2018","93,841","4,538"
"Study Music Alpha Waves: Relaxing Studying Music, Brain Power, Focus Concentration Music, â˜¯161","145,065,639",https://www.youtube.com/watch?v=WPni755-Krg,"Jun 26, 2014","735,555","41,124"
"Î£Ï„Î±Î¸Î·Ï‚ ÎÎ¹ÎºÎ¿Î»Î±Î¹Î´Î·Ï‚, Î”Î·Î¼Î·Ï„ÏÎ·Ï‚ ÎšÎ±ÏÎ±ÏƒÎ±Î²Î²Î¹Î´Î·Ï‚ - Î Î¿Î½Ï„Î¹Î±ÎºÎ± ( Live ) HQ","958,316",https://www.youtube.com/watch?v=TdY7PwJ_SRI,"Feb 28, 2017","5,267",417
Î§ÏÏ…ÏƒÎ® Î¤Î·Î»ÎµÏŒÏÎ±ÏƒÎ· | ÎšÎ±Î»ÏŒ ÎœÎµÏƒÎ·Î¼ÎµÏÎ¬ÎºÎ¹ | 30/09/2020,"223,299",https://www.youtube.com/watch?v=zhfgOahp9cA,"Sep 30, 2020","1,877",80
Sunday Morning Jazz - Sweet Jazz and Bossa Nova Music for Positive Day,"6,940 watching now",https://www.youtube.com/watch?v=1qA3LQDa7lQ,"Started streaming Oct 3, 2020","1,116",35
Four Seasons ~ Vivaldi,"219,209,917",https://www.youtube.com/watch?v=GRxofEmo3HA,"Jan 30, 2011","1,028,357","53,434"
[BANGTAN BOMB] 'Dynamite' Stage CAM (BTS focus) @ Gyeongbokgung - BTS (ë°©íƒ„ì†Œë…„ë‹¨),"6,214,063",https://www.youtube.com/watch?v=nF1zZIETE5k,"Oct 1, 2020","1,056,500","3,073"
3 A.M Study Session ğŸ“š - [lofi hip hop/chill beats],"1,441,011",https://www.youtube.com/watch?v=BTYAsjAVa3I,"Sep 13, 2020","43,770",326
"ChillYourMind 24/7 Live Music Radio | Chillout Music, Chill House, Deep House, Relaxing Music","2,079 watching now",https://www.youtube.com/watch?v=eQdA8dvsgQs,"Started streaming Mar 22, 2020","38,382","1,565"
4 hours Peaceful & Relaxing Instrumental Music-Long Playlist,"64,772,903",https://www.youtube.com/watch?v=CcsUYu0PVxY,"Feb 5, 2014","242,034","16,560"
Î“Î¹ÏÏÎ³Î¿Ï‚ Î£Î±Î¼Ï€Î¬Î½Î·Ï‚ - Î†Î³ÏÎ¹Î± Î˜Î¬Î»Î±ÏƒÏƒÎ± | Official Video Clip,"13,549,354",https://www.youtube.com/watch?v=_p1zOSsgiMk,"Jun 24, 2020","116,177","3,607"
Ibiza Summer Mix 2020 ğŸ“ Best Of Tropical Deep House Music Chill Out Mix By Deep Legacy #2,"1,709,701",https://www.youtube.com/watch?v=a4DomHz_fjA,"Jan 5, 2020","5,786",372
Akon - Right Now (Na Na Na) (Official Video),"525,442,293",https://www.youtube.com/watch?v=vIaH35-MLsk,"Dec 13, 2009","3,331,522","109,471"
chill beats to quarantine to,"10,570,939",https://www.youtube.com/watch?v=rA56B4JyTgI,"Mar 20, 2020","668,204","9,298"
Rihanna - Diamonds,"1,573,811,608",https://www.youtube.com/watch?v=lWA2pjMjpBs,"Nov 8, 2012","7,159,895","324,623"
Relaxing Sounds for Sleep ğŸ˜´ Thunderstorm & Rain Sounds | Nature Sounds Sleep Aid | Insomnia Relief,"9,765,863",https://www.youtube.com/watch?v=oxz8Nym9bmc,"Jul 9, 2017","89,987","6,174"
Subaru Impreza STI.Î ÏÎ¿ÎµÏ„Î¿Î¹Î¼Î±ÏƒÎ¯Î± Î³Î¹Î± Ï€ÏÎ¿Î³ÏÎ±Î¼Î¼Î±Ï„Î¹ÏƒÎ¼ÏŒ ÎºÎ±Î¹ ÎµÏ…ÏÎ®Î¼Î±Ï„Î±.Tuning day 3.,"21,106",https://www.youtube.com/watch?v=au9XYvT3-1w,"Oct 3, 2020","1,661",23
"ÎšÎ±Ï„ÎµÏÎ¯Î½Î± Î’ÏÎ±Î½Î¬: Î‘Î½ Î®Î¾ÎµÏÎ± ÏŒÏ„Î¹ Î¸Î± Î±Ï€Î¿Î³ÎµÎ¹Ï‰Î¸ÎµÎ¯ Î· ÎºÎ±ÏÎ¹Î­ÏÎ± ÏŒÏ„Î±Î½ Ï€Î®Î³Î± Î½Î± Ï€ÎµÎ¸Î¬Î½Ï‰, Î¸Î± Ï„Î¿ Î­ÎºÎ±Î½Î± Î½Ï‰ÏÎ¯Ï„ÎµÏÎ±!","233,290",https://www.youtube.com/watch?v=yuic_qFxmaI,"Sep 24, 2020","5,043",84
Fast Food Done Right With Gordon Ramsay,"4,831,950",https://www.youtube.com/watch?v=9i4SKHbhbqk,"Sep 24, 2020","153,278","2,143"
BTS (ë°©íƒ„ì†Œë…„ë‹¨) 'Black Swan' Official MV,"177,072,271",https://www.youtube.com/watch?v=0lapF4DQPKQ,"Mar 4, 2020","7,996,543","96,022"
10 Î»ÏŒÎ³Î¿Î¹ Ï€Î¿Ï… Î´ÎµÎ½ Ï€Î¬Ï‰ Î•ÎºÎºÎ»Î·ÏƒÎ¯Î± - Personal Spiritual Training,"91,728",https://www.youtube.com/watch?v=8je0dKBHVSQ,"Aug 10, 2020","2,012",80
BTS (ë°©íƒ„ì†Œë…„ë‹¨) 'ë´„ë‚  (Spring Day)' Official MV,"350,500,307",https://www.youtube.com/watch?v=xEeFrLSkMm8,"Feb 12, 2017","6,529,867","107,912"
-56Â°C (-69Â°F) from Yakutsk to Oymyakon in winter - THE MOVIE [HD] 2015,"6,123,870",https://www.youtube.com/watch?v=3KInXvWoq9U,"Jan 7, 2015","36,428","2,264"
iPhone 11 Pro Max Restoration...,"21,218,894",https://www.youtube.com/watch?v=riJFjBLBx7c,"Mar 12, 2020","272,167","18,079"
Î‘Î½ ÏˆÎ¬Ï‡Î½ÎµÏ„Îµ Î³Î¹Î± smartphone ÎœÎ—Î ÏˆÎ¬Ï‡Î½ÎµÏ„Îµ Î¬Î»Î»Î¿!,"212,425",https://www.youtube.com/watch?v=TM1hP6yAtII,"Sep 28, 2020","16,394",152
[EPISODE] BTS (ë°©íƒ„ì†Œë…„ë‹¨) 'ON' Kinetic Manifesto Film Shooting Sketch,"4,446,046",https://www.youtube.com/watch?v=0Dc6tHgXp88,"Oct 1, 2020","808,901","1,799"
BTS (ë°©íƒ„ì†Œë…„ë‹¨) 'Dynamite' Official MV (Choreography ver.),"20,552,131",https://www.youtube.com/watch?v=BflFNMl_UWY,"Sep 25, 2020","2,548,852","33,361"
"[ë„ê¹¨ë¹„ OST Part 1] ì°¬ì—´, í€ì¹˜ (CHANYEOL, PUNCH) - Stay With Me MV","244,354,002",https://www.youtube.com/watch?v=pcKR0LPwoYs,"Dec 2, 2016","2,466,675","28,645"
McLaren perfect pit stop,"1,133,776",https://www.youtube.com/watch?v=dMd_85jqMts,"Mar 8, 2018","17,300",384
Â«3 ÎµÎ²Î´Î¿Î¼Î¬Î´ÎµÏ‚ Ï€ÏÎ¹Î½ Ï„Î·Î½ ÎºÎ¿Î¯Î¼Î·ÏƒÎ® Ï„Î¿Ï… Î¿ Î†Î³Î¹Î¿Ï‚ Î Î±ÎÏƒÎ¹Î¿Ï‚ Î¼Î±Ï‚ Î¼Î¯Î»Î·ÏƒÎµ Î³Î¹Î± Ï„Î·Î½ ÎœÎµÎ³Î¬Î»Î· Î•Î»Î»Î¬Î´Î± Ï€Î¿Ï… Î­ÏÏ‡ÎµÏ„Î±Î¹..Â»,"158,037",https://www.youtube.com/watch?v=jrG-8OCkg10,"Oct 14, 2019","2,040",61
Greek Mix / Greek Hits Vol.27 / Greek Deep Chillout / NonStopMix by Dj Aggelo,"303,873",https://www.youtube.com/watch?v=9TUp7i4mtDg,"Jun 13, 2020","1,853",109
"7x Fatiha, 7x Ayat Kursi, 7x Ihlas, Falak, Nas | SiHR, MAGiC, JiNN, Evil-Eye | (Mishary Rashid)","44,819,390",https://www.youtube.com/watch?v=DIT6haWEbXA,"May 21, 2016","241,322","30,366"
Mr. Wrong Episode 14 (Final),"1,215,441",https://www.youtube.com/watch?v=IRfTuYGfTwk,"Oct 2, 2020","20,618","1,019"
"Dua Lipa, Coldplay, Martin Garrix & Kygo, The Chainsmokers Style - Feeling Me #38","3,891,710",https://www.youtube.com/watch?v=Qz6XNSB0F3E,"Apr 18, 2020","42,085","1,484"
Î¤Î¹ ÎµÎ¯Î½Î±Î¹ Î¿ Ï‡ÏÏÎ¿Ï‚;,"103,473",https://www.youtube.com/watch?v=vSAkJyYQuzg,"Sep 24, 2020","9,031",57
24 Hour Timer 24 Hour Countdown 24 Stunden Countdown Timer 24h timer,"2,908,682",https://www.youtube.com/watch?v=xmGaAjeqaBQ,"Jan 7, 2019","12,916","1,877"
ÎœÎ¹Ï‡Î¬Î»Î·Ï‚ Î§Î±Ï„Î¶Î·Î³Î¹Î¬Î½Î½Î·Ï‚ - ÎœÎ· Îœ' ÎŸÎ½ÎµÎ¹ÏÎµÏ…Ï„ÎµÎ¯Ï‚ - Vemily's Cover,"179,797",https://www.youtube.com/watch?v=XBRBO6PGCfw,"Sep 17, 2020","6,797",158
Shawn Mendes - Wonder,"12,888,978",https://www.youtube.com/watch?v=fHeQemJJQII,"Oct 1, 2020","1,085,718","13,031"
The Script - The Man Who Canâ€™t Be Moved (Official Video),"278,100,207",https://www.youtube.com/watch?v=gS9o1FAszdk&list=RDCLAK5uy_nHSqCJjDrW9HBhCNdF6tWPdnOMngOv0wA&start_radio=1,"Oct 24, 2009","1,043,208","24,597"
60 MILLION VIEWS ğŸ˜³BRIDAL MAKEUP AND  HAIR TRANSFORMATION  DARK SKIN MELANIN #MAKEUPTRANSFORMATION,"61,813,074",https://www.youtube.com/watch?v=RCdwWJElGYM,"Jan 23, 2020","695,834","93,197"
The Best Rocket League Game Ever!,"6,513,046",https://www.youtube.com/watch?v=EhHzJidkydo,"Oct 2, 2020","324,907","4,766"
Lewis Capaldi - Before You Go (Official Video),"103,813,447",https://www.youtube.com/watch?v=Jtauh8GcxBY,"Jan 24, 2020","1,526,845","19,674"
BTS (ë°©íƒ„ì†Œë…„ë‹¨) 'ON' Kinetic Manifesto Film : Come Prima,"266,514,436",https://www.youtube.com/watch?v=gwMa6gpoE9I,"Feb 21, 2020","10,272,063","288,298"
"Walking in Yakutsk - Oymyakon, Siberia, Yakutia, Russia at â€“50C (December 2014)","1,368,943",https://www.youtube.com/watch?v=rlnbGXJgsoM,"Jan 4, 2015","7,043",346
ASMR cutting dry soap on the table,"2,593,361",https://www.youtube.com/watch?v=OOEOg29gRJo,"Aug 10, 2020","68,626","2,274"
Ä°yi GÃ¼nde KÃ¶tÃ¼ GÃ¼nde 4. BÃ¶lÃ¼m,"893,292",https://www.youtube.com/watch?v=DxlGe5HxtR8,"Oct 3, 2020","14,331",397
Reaction of Potassium and Water,"2,652,495",https://www.youtube.com/watch?v=oqMN3y8k9So,"Dec 8, 2011","25,752",666
Î¤Î±ÏÏ: Î ÏÎ¿Î²Î»Î­ÏˆÎµÎ¹Ï‚ Î–Ï‰Î´Î¯Ï‰Î½ 5-11/10 #taromania #taromaniadestiny ğŸ˜â¤ï¸ğŸ˜,"5,497",https://www.youtube.com/watch?v=2B7LqPoq70Q,"Oct 3, 2020",453,5
ÎœÎŸÎ¡Î¦ÎŸÎ¥: Î¤Î™ Î˜Î‘ Î£Î¥ÎœÎ’Î•Î™ ÎœÎ•Î¤Î‘ Î¤ÎŸ Î’Î„ ÎšÎ¥ÎœÎ‘...,"201,041",https://www.youtube.com/watch?v=ITZBCn7OVBQ,"Sep 3, 2020","4,283",159
Earth Views: Earth From Space Seen From The ISS,"1,129 watching now",https://www.youtube.com/watch?v=XBPjVzSoepo,"Started streaming Sep 1, 2019","840,674","34,117"
Î˜Î•Î›Î© 35 ÎšÎŸÎ¡Î©ÎÎ•Î£! (Fall Guys),"232,189",https://www.youtube.com/watch?v=7KYUo3F2L24,"Sep 26, 2020","25,644",410
Kuzey YÄ±ldÄ±zÄ± Ä°lk AÅŸk 34. BÃ¶lÃ¼m,"422,260",https://www.youtube.com/watch?v=FwdoTj54pRo,"Oct 3, 2020","8,799",306
BLACKPINK â€“ â€˜Lovesick Girlsâ€™ M/V,"104,861,781",https://www.youtube.com/watch?v=dyRsYk0LyA8,"Oct 1, 2020","8,621,741","84,600"
Donuts Making Skills in Taiwan / ç”œç”œåœˆè£½ä½œæŠ€èƒ½ - Taiwanese Street Food,"17,740,104",https://www.youtube.com/watch?v=EVzb8V6W4M0,"Jul 26, 2020","101,842","7,902"
TIMELAPSE OF THE FUTURE: A Journey to the End of Time (4K),"44,261,674",https://www.youtube.com/watch?v=uD4izuDMUQA,"Mar 20, 2019","1,725,175","47,438"
Babil 6. BÃ¶lÃ¼m,"1,470,806",https://www.youtube.com/watch?v=ywoSP5AHh7o,"Feb 21, 2020","10,118",609
"Rain & Thunder Sounds in the Foggy Forest | Thunderstorm Sounds for Sleep, Insomnia & Relaxing","14,982,061",https://www.youtube.com/watch?v=nRBCFsU_KDc,"Jun 3, 2018","165,952","9,623"
Water Experiment in Siberia 2 (-40C/F),"10,598,883",https://www.youtube.com/watch?v=7twdVUj9W_w,"Jan 27, 2012","194,559","6,682"
Orphaned cat takes snuggling seriously as the new big sister to her humanâ€™s baby,"1,599,965",https://www.youtube.com/watch?v=MHOxAq7ZJ9U,"Sep 29, 2020","44,623",575
Guns N' Roses - Paradise City,"563,248,221",https://www.youtube.com/watch?v=Rbm6GXllBiw&list=RDCLAK5uy_km8O-Ih1wUwDSDLdsobHb0PURoU136_5Q&start_radio=1,"Dec 25, 2009","1,821,055","87,686"
Top 20 Capital Cities To Visit In Europe,"18,458",https://www.youtube.com/watch?v=iLeSEhjDz6Y,"Oct 2, 2020",568,28
Tom & Jerry | Frenemies! | Classic Cartoon Compilation | WB Kids,"16,997,357",https://www.youtube.com/watch?v=8EQiSXX-mCE,"Jan 5, 2019","31,215","11,338"
Restoring a Bent iPad Pro that was RUN OVER BY A CAR!,"178,981",https://www.youtube.com/watch?v=Cths88Yj8V4,"Oct 3, 2020","10,667",152
Happy Traveller ÏƒÏ„Î± Î½Î·ÏƒÎ¹Î¬ Î¦ÎµÏÏŒÎµ Î¼Î­ÏÎ¿Ï‚ 3 | Î¤Î¿ Î´Î¬ÏƒÎ¿Ï‚ ÎºÎ±Î¹ Î· Î³Ï…Î½Î±Î¯ÎºÎ± Ï†ÏÎºÎ¹Î±!,"15,770",https://www.youtube.com/watch?v=lqgmOPn-KoQ,"Oct 3, 2020",775,15
BTS (ë°©íƒ„ì†Œë…„ë‹¨) 'Dynamite' Official MV (B-side),"75,073,438",https://www.youtube.com/watch?v=BV2FdDmGiW0,"Aug 24, 2020","6,477,268","113,990"
"Yanni - ""Prelude and Nostalgia""_1080p From the Master! ""Yanni Live! The Concert Event""","72,398,141",https://www.youtube.com/watch?v=tKVzm0SBYtQ,"Jan 9, 2017","597,422","28,518"
Î¤Î¿ Î¦Ï‰Ï‚ ÏƒÏ„Î·Î½ Î‘ÎºÏÏŒÏ€Î¿Î»Î· Î±Î»Î»Î¬Î¶ÎµÎ¹ | Î–Ï‰Î½Ï„Î±Î½Î® Î¼ÎµÏ„Î¬Î´Î¿ÏƒÎ·,"180,567",https://www.youtube.com/watch?v=2_Dd3JBAHv4,"Streamed live Sep 30, 2020","2,572",101
"Bharaate (2020) NEW RELEASED Full Hindi Dubbed South Indian Movie | Srii Murali, Sree Leela","8,308,801",https://www.youtube.com/watch?v=9HQ8ExJdndg,"Oct 2, 2020","167,347","8,616"
[MV] IU(ì•„ì´ìœ ) _ eight(ì—ì‡) (Prod.&Feat. SUGA of BTS),"93,671,654",https://www.youtube.com/watch?v=TgOu00Mf3kI,"May 6, 2020","4,635,142","71,695"
Visiting the coldest town in the world - Chilling Out | 60 Minutes Australia,"10,566,160",https://www.youtube.com/watch?v=l1noUh2NrLI,"Jun 20, 2018","105,402","5,235"
ZAYN - Dusk Till Dawn ft. Sia (Official Music Video),"1,448,274,427",https://www.youtube.com/watch?v=tt2k8PGm-TI,"Sep 7, 2017","9,430,981","287,118"
BTS (ë°©íƒ„ì†Œë…„ë‹¨) 'í”¼ ë•€ ëˆˆë¬¼ (Blood Sweat & Tears)' Official MV,"638,455,947",https://www.youtube.com/watch?v=hmE9f-TEutc,"Oct 9, 2016","9,282,324","221,880"
Î¤Î‘ Î”Î™ÎšÎ‘ Î£Î‘Î£ PC SETUP! ep.27 #yourpcsetup,"5,020",https://www.youtube.com/watch?v=TP8mmOUBVjE,"Oct 3, 2020",607,5
BTS (ë°©íƒ„ì†Œë…„ë‹¨) 'IDOL' Official MV,"757,663,851",https://www.youtube.com/watch?v=pBuZEGYXA6E,"Aug 24, 2018","13,644,811","749,452"
BÃ– - Nenni (The Wall),"14,034,722",https://www.youtube.com/watch?v=PfuSANgq358,"Jan 21, 2020","102,005","5,678"
ÎŸÎ¹ ÎºÎ±Î»ÏÏ„ÎµÏÎµÏ‚ ÏƒÏ„Î¹Î³Î¼Î­Ï‚ Ï„Î¿Ï… ÎŸÎ»Ï…Î¼Ï€Î¹Î±ÎºÎ¿Ï ÏƒÏ„Î¿Ï…Ï‚ Î¿Î¼Î¯Î»Î¿Ï…Ï‚ Ï„Î¿Ï… UEFA Champions League | COSMOTE SPORT HD,"77,779",https://www.youtube.com/watch?v=XENnHnKLiNk,"Oct 2, 2020","2,959",84
60 minuta Å trumpfova â€¢ Kompilacija 4 â€¢ Å trumpfovi,"781,626",https://www.youtube.com/watch?v=7Uf5A713EVg,"Oct 24, 2018","2,056",532
BTS (ë°©íƒ„ì†Œë…„ë‹¨) 'Dynamite' Official MV,"443,332,015",https://www.youtube.com/watch?v=gdZLi9oWNZg,"Aug 20, 2020","18,938,410","960,276"
"Stray Kids ""ç¥ë©”ë‰´"" M/V","126,910,712",https://www.youtube.com/watch?v=TQTlCHxyuu8,"Jun 17, 2020","3,226,078","31,318"
BTS (ë°©íƒ„ì†Œë…„ë‹¨) 'MIC Drop (Steve Aoki Remix)' Official MV,"757,205,198",https://www.youtube.com/watch?v=kTlv5_Bs8aw,"Nov 24, 2017","11,573,053","295,467"
Ava Max - Kings & Queens [Official Visualizer],"11,778,403",https://www.youtube.com/watch?v=RNx5f0snpK8&list=RDCLAK5uy_nqRa4MZhGLlzdFysGGDQyuGA43aqJR8FQ&start_radio=1,"Mar 12, 2020","267,246","4,191"
BTS (ë°©íƒ„ì†Œë…„ë‹¨) 'Stay Gold' Official MV,"121,957,241",https://www.youtube.com/watch?v=9IHwqdz8Xhw,"Jun 26, 2020","9,151,952","250,089"
Î§ÏÏ…ÏƒÎ® Î¤Î·Î»ÎµÏŒÏÎ±ÏƒÎ· | ÎšÎ±Î»ÏŒ ÎœÎµÏƒÎ·Î¼ÎµÏÎ¬ÎºÎ¹ | 02/10/2020,"161,006",https://www.youtube.com/watch?v=vE7c_B-zpHA,"Oct 2, 2020","1,510",59
Î›ÎµÏ…ÎºÏŒÏ‚ Î˜ÏŒÏÏ…Î²Î¿Ï‚ Î³Î¹Î± ÎœÏ‰ÏÎ¬ 10 ÎÏÎµÏ‚ | Î“Î¹Î± Î½Î± Î§Î±Î»Î±ÏÏÏƒÎµÎ¹ Î® Î½Î± ÎšÎ¿Î¹Î¼Î·Î¸ÎµÎ¯ Ï„Î¿ ÎœÏ‰ÏÎ¬ÎºÎ¹ ÏƒÎ±Ï‚ !! (White Noise 2019),"368,854",https://www.youtube.com/watch?v=TThwjg3CCBE,"Apr 25, 2018",910,301
I Got 30 Inches Of Jumbo Twist Braids | Hair Me Out | Refinery29,"486,456",https://www.youtube.com/watch?v=JFrWzAkdZaU,"Sep 29, 2020","11,686",201
atv CanlÄ± YayÄ±nÄ±,"5,677 watching now",https://www.youtube.com/watch?v=6JLYy8n7Xz8,"Started streaming Oct 1, 2020","6,567",486
A very small puppy grooming for the first time at 3 months of age (Toy Poodle),"26,303,136",https://www.youtube.com/watch?v=ymU8htqPUoc,"Jun 9, 2020","685,944","23,074"
'Superman dive' at finish line gives 400m hurdler dramatic victory,"20,118,650",https://www.youtube.com/watch?v=54hVDba2HS0,"May 13, 2019","129,284","5,243"
Top Gear - Funniest Moments from Series 21,"603,760",https://www.youtube.com/watch?v=HlPISYqYFgs,"Sep 25, 2020","9,505",137
ÎœÎ· Î¼ Î¿Î½ÎµÎ¹ÏÎµÏ…Ï„ÎµÎ¹Ï‚- Î ÎµÎ³ÎºÏ… Î–Î·Î½Î±,"9,152",https://www.youtube.com/watch?v=QxsYrNnXwMg&list=RDCLAK5uy_n2W8mC_K57eldPtyikGJugAx5zuM3dWCA&start_radio=1,"Mar 28, 2019",89,4
BTS (ë°©íƒ„ì†Œë…„ë‹¨) 'DNA' Official MV,"1,100,717,424",https://www.youtube.com/watch?v=MBdVXkSdhwU,"Sep 18, 2017","16,413,738","855,557"
"The Good Life RadioÂ â€¢Â 24/7 Live Radio | Best Relax House, Chillout, Study, Running, Gym, Happy Music","10,148 watching now",https://www.youtube.com/watch?v=36YnV9STBqc,"Started streaming Mar 27, 2020","153,886","7,540"
Ash bench,"7,778,346",https://www.youtube.com/watch?v=1zOHZZonUHw,"Sep 27, 2020","83,904","2,585"
24kGoldn - Mood (Official Video) ft. Iann Dior,"34,429,625",https://www.youtube.com/watch?v=GrAchTdepsU,"Aug 5, 2020","878,418","14,240"
Justin Timberlake - Mirrors,"695,364,551",https://www.youtube.com/watch?v=uuZE_IRwLNI,"Mar 19, 2013","3,451,484","99,987"
Î•Î½Î±ÏÎ¾Î· ÏƒÏ‡Î¿Î»Î¹ÎºÎ¿Ï Î­Ï„Î¿Ï…Ï‚ 95-96,"308,454",https://www.youtube.com/watch?v=6_Uyom8NaFk,"Feb 19, 2019","5,362",161
"POWER UNLIMITED 3 (2020) Allu Arjun, Anu Emmanueal New Released Hindi Dubbed Blockbuster Movie 2020","8,714,331",https://www.youtube.com/watch?v=2ZjDIZeI8Sg,"Sep 13, 2020","82,775","6,680"
Î¤Î± top 10 Ï€Î¿Î»Ï…Î±Î½Î±Î¼ÎµÎ½ÏŒÎ¼ÎµÎ½Î± games Î¼Î­Ï‡ÏÎ¹ Ï„Î¿ Ï„Î­Î»Î¿Ï‚ Ï„Î¿Ï… 2020! | The Unboxholics Guide,"123,550",https://www.youtube.com/watch?v=SxRRARaX5RE,"Sep 25, 2020","3,869",53
Î ÏÏ‚ ÏƒÏ„Î®Î¸Î·ÎºÎµ Ï„Î¿ Big Brother,"399,106",https://www.youtube.com/watch?v=vza2EDiGLmA,"Sep 11, 2020","27,562",452
Galaxy A71: Official Unboxing | Samsung,"218,272",https://www.youtube.com/watch?v=HTgPl8WV01w,"Sep 30, 2020","9,708",232
Building a Medieval House | 10 Day Bushcraft Shelter Build,"6,391,909",https://www.youtube.com/watch?v=tBiu1Emv31Q,"Jun 29, 2020","73,564","2,294"
Hercai 40. BÃ¶lÃ¼m,"1,512,962",https://www.youtube.com/watch?v=e41nUCEmH8g,"Sep 25, 2020","15,092",993
21 Savage x Metro Boomin - Runnin (Official Music Video),"4,053,006",https://www.youtube.com/watch?v=ZZ6VhTBcc-c&list=RDCLAK5uy_lBGRuQnsG37Akr1CY4SxL0VWFbPrbO4gs&start_radio=1,"Oct 2, 2020","309,431","3,407"
Î— Î±Ï€Î¬Î½Ï„Î·ÏƒÎ· Ï„Î·Ï‚ Î™Ï‰Î¬Î½Î½Î±Ï‚ ÎœÎ±Î»Î­ÏƒÎºÎ¿Ï… ÏƒÏ„Î± ÏƒÎµÎ¾Î¹ÏƒÏ„Î¹ÎºÎ¬ ÏƒÏ‡ÏŒÎ»Î¹Î± | Love It | 02/10/2020,"88,933",https://www.youtube.com/watch?v=y9zX32rr0xc,"Oct 2, 2020","1,170",87
SuperM ìŠˆí¼ì—  â€˜í˜¸ë‘ì´ (Tiger Inside)â€™ MV,"30,137,996",https://www.youtube.com/watch?v=jUsUzbmSLow,"Aug 31, 2020","1,790,166","28,616"
Putin Just Being Putin,"4,274,436",https://www.youtube.com/watch?v=RhfjMH5etj8,"Mar 11, 2014","67,219","3,096"
ĞœĞ°ÑˆĞ° Ñ‚Ğ° Ğ’ĞµĞ´Ğ¼Ñ–Ğ´ÑŒ: ĞĞ° ĞºÑƒÑ…Ğ½Ñ– Ğ· ĞœĞ°ÑˆĞµÑ (Ğ²ÑÑ– ÑĞµÑ€Ñ–Ñ— Ğ¿Ñ–Ğ´Ñ€ÑĞ´) Masha and the Bear,"374,723,858",https://www.youtube.com/watch?v=mosPaiR-nrs,"Jul 12, 2017","792,971","336,040"
BTS (ë°©íƒ„ì†Œë…„ë‹¨) 'FAKE LOVE' Official MV,"782,273,473",https://www.youtube.com/watch?v=7C2z4GqqS5E,"May 18, 2018","13,835,729","527,336"
Fireplace 10 hours full HD,"26,897,983",https://www.youtube.com/watch?v=L_LUpnjgPso,"Oct 2, 2016","74,955","5,155"
Yes Yes Bedtime Camping Song  + More Nursery Rhymes & Kids Songs - CoComelon,"25,492,129",https://www.youtube.com/watch?v=B5OR-JaWeZ4,"Sep 25, 2020","132,705","79,649"
"Concrete Mixer, Police Cars, Fire Truck, Excavator, Tractor & Garbage Trucks Toy Vehicles for Kids","45,210,704",https://www.youtube.com/watch?v=BS4wFMLQOgg,"Sep 1, 2019","133,837","75,990"
EVERGLOW (ì—ë²„ê¸€ë¡œìš°) - LA DI DA MV,"55,282,586",https://www.youtube.com/watch?v=jeI992mvlEY,"Sep 21, 2020","1,118,427","23,768"
Torrential Rains with Thunder and Lightning Storm,"11,750,195",https://www.youtube.com/watch?v=xkfSDRZm3tA,"Oct 2, 2016","72,263","9,825"
Î§Î¯Î¼ÎºÎ¹ - Î Î±Î½Î±Î¸Î·Î½Î±ÏŠÎºÏŒÏ‚ 76-78 | Î£Ï„Î¹Î³Î¼Î¹ÏŒÏ„Ï…Ï€Î± - 1Î· Î‘Î³Ï‰Î½Î¹ÏƒÏ„Î¹ÎºÎ® Euroleague (2/10/2020),"45,369",https://www.youtube.com/watch?v=2_Xzdac1i3c,"Oct 2, 2020",526,22
GREEK MIX #12 - SUMMER IN GREECE 2020 | DJ GOLDEN FETA | ÎšÎ‘Î›ÎŸÎšÎ‘Î™Î¡Î™ Î£Î¤Î—Î Î•Î›Î›Î‘Î”Î‘ 2020 #SummerComeSoon,"1,439,801",https://www.youtube.com/watch?v=8oiofKuwx4Y,"Jan 8, 2020","8,798",771
BTS: Black Swan,"8,568,300",https://www.youtube.com/watch?v=g1-sFn-j5D0,"Sep 30, 2020","1,447,500","4,463"
At the Hospital | Funny Episodes | Classic Mr Bean,"52,690,177",https://www.youtube.com/watch?v=-72P_EFphSc,"Mar 27, 2019","257,262","33,331"
Bryan Adams - Please Forgive Me (Official Music Video),"424,335,574",https://www.youtube.com/watch?v=9EHAo6rEuas,"Oct 31, 2008","1,426,526","62,723"
Getting Ready for School Song + More Nursery Rhymes & Kids Songs - CoComelon,"210,164,719",https://www.youtube.com/watch?v=LCUA25jz5P4,"Feb 15, 2019","521,133","328,898"
"ÎœÎ±Î¸Î·Ï„Î®Ï‚ ÎšÎ±Ï„Î±Î»Î·ÏˆÎ¯Î±Ï‚ ÎÎ•Î¦Î¤Î™Î›Î™Î£Î• Î¤Î‘ ÎœÎœÎ•: ""ÎœÎ±Ï‚ Ï…Ï€Î¿ÎºÎ¹Î½ÎµÎ¯ Î·...."" Î±Ï€Î¬Î½Ï„Î·ÏƒÎµ Î¿ ÎÎ¬Î½Î¸Î¿Ï‚ Î“ÎµÏÎ¼Î±Î½Î¬ÎºÎ¿Ï‚ Î±Ï€ÏŒ Ï„Î¿ Î Î­ÏÎ±Î¼Î±","385,811",https://www.youtube.com/watch?v=7msLPonT-ms,"Sep 25, 2020","7,512",386
Home with Bean | Full Episodes | Mr Bean Official Cartoon,"99,659,459",https://www.youtube.com/watch?v=zw_CgYQtr2U,"Jan 27, 2018","441,736","164,569"
CRAZY WATERMELON IDEAS || 25 Kitchen Tips And Cooking Ideas For Any Occasion,"721,043",https://www.youtube.com/watch?v=kDJz1356L-Y,"Oct 3, 2020","11,024","1,245"
I Survived 100 Days in Hardcore Minecraft... Here's What Happened,"2,686,480",https://www.youtube.com/watch?v=xIlM5l5FIbE,"Jul 9, 2020","74,274","1,319"
ğŸ”´ LIVE! BEST CLASSIC TOM & JERRY MOMENTS | WB KIDS,"6,476 watching now",https://www.youtube.com/watch?v=HRzVQQ25zJw,"Started streaming Sep 10, 2020","66,681","20,370"
"THE CROODS 2 Trailer (2020) A NEW AGE, Animation Movie","10,672,753",https://www.youtube.com/watch?v=wBcBzJ_oofs,"Sep 21, 2020","379,407","6,577"
This is why we love bikers Ep. 2,"23,055,168",https://www.youtube.com/watch?v=KePlqad1pPQ,"Mar 21, 2020","345,612","6,800"
The incredible ibex defies gravity and climbs a dam | Forces of Nature with Brian Cox - BBC,"115,977,490",https://www.youtube.com/watch?v=RG9TMn1FJzc,"Jul 12, 2016","1,151,580","38,140"
"tagesschau 20:00 Uhr, 03.10.2020","154,654",https://www.youtube.com/watch?v=wHnmxFxElE8,"Oct 3, 2020","1,521",372
Bir Zamanlar Ã‡ukurova 65. BÃ¶lÃ¼m,"2,857,411",https://www.youtube.com/watch?v=KHcUNfiZlzo,"Sep 24, 2020","20,168","2,004"
Justin Bieber - Holy ft. Chance The Rapper,"46,476,594",https://www.youtube.com/watch?v=pvPsJFRGleA,"Sep 17, 2020","2,541,783","63,868"
UyanÄ±ÅŸ: BÃ¼yÃ¼k SelÃ§uklu 1. BÃ¶lÃ¼m ğŸ¹,"4,510,895",https://www.youtube.com/watch?v=l7-I-RsZixM,"Sep 28, 2020","63,066","5,247"
H Î­Î¾Î¿Î´Î¿Ï‚ Ï„Î·Ï‚ McLaren Ï„Î¿Ï… Î Î±Î½ÏŒÏ€Î¿Ï…Î»Î¿Ï… Î¼Îµ 300Ï‡Î»Î¼./ÏÏÎ±,"214,242",https://www.youtube.com/watch?v=j1IhJETeH50,"Sep 22, 2020","3,814",94
Î‘Ï€ÏŒ Ï„Î¿ Greek Idol ÏƒÏ„Î¿ The Voice - Î£Î¿ÎºÎ±ÏÎ¯ÏƒÏ„Î·ÎºÎµ Î¿ Î Î¬Î½Î¿Ï‚ ÎœÎ¿Ï…Î¶Î¿Ï…ÏÎ¬ÎºÎ·Ï‚,"37,379",https://www.youtube.com/watch?v=0cEZrKSATbg,"Sep 27, 2020",188,8
DP-12 Shotgun,"9,387,482",https://www.youtube.com/watch?v=3bOVOqccmw0,"Dec 5, 2015","74,347","3,186"
The Dodgers Train Kourtney Kardashian and Kevin Hart,"16,274,917",https://www.youtube.com/watch?v=U9ZL4gbPL7w,"Mar 28, 2019","182,783","4,844"
MG - Mind Games (Official Music Video),"422,889",https://www.youtube.com/watch?v=DYy_KERCiiI,"Sep 29, 2020","23,179",525
Sen Ã‡al KapÄ±mÄ± 12. BÃ¶lÃ¼m,"4,062,486",https://www.youtube.com/watch?v=Ikeo9DhImsI,"Sep 30, 2020","53,409","1,610"
ÎšÎ»Î®ÏÏ‰ÏƒÎ· ÎŸÎ¼Î¯Î»Ï‰Î½ UEFA Europa League 2020-2021,"168,465",https://www.youtube.com/watch?v=_YT6B--7j5U,"Streamed live Oct 2, 2020","3,966",76
Rick Astley - Never Gonna Give You Up (Video),"774,888,092",https://www.youtube.com/watch?v=dQw4w9WgXcQ&list=RDCLAK5uy_lf8okgl2ygD075nhnJVjlfhwp8NsUgEbs&start_radio=1,"Oct 24, 2009","6,977,908","224,009"
IMMUNE - MUEZZIN,"775,167",https://www.youtube.com/watch?v=YQSTS8cklJY,"Sep 19, 2020","22,790",524
OneRepublic - Counting Stars (Official Music Video),"3,066,774,565",https://www.youtube.com/watch?v=hT_nvWreIhg&list=RDCLAK5uy_mfdqvCAl8wodlx2P2_Ai2gNkiRDAufkkI&start_radio=1,"May 31, 2013","12,017,493","398,467"
Time To Cool Off with Mr Bean | Classic Mr Bean,"38,306,654",https://www.youtube.com/watch?v=NVhmq-pB_cs,"Jun 25, 2020","157,263","26,368"
Funny Cats Compilation (Most Popular) Part 1,"15,890,447",https://www.youtube.com/watch?v=JxS5E-kZc2s,"Sep 4, 2015","111,387","5,528"
Watch Sky News live,"14,077 watching now",https://www.youtube.com/watch?v=9Auq9mYxFEE,"Started streaming Nov 2, 2019","230,563","50,464"
ÎšÎ»Î®ÏÏ‰ÏƒÎ· ÎŸÎ¼Î¯Î»Ï‰Î½ UEFA Champions League 2020-2021,"278,791",https://www.youtube.com/watch?v=sfYSCFpUuaM,"Streamed live Oct 1, 2020","6,194",155
The Largest Star in the Universe â€“ Size Comparison,"7,378,989",https://www.youtube.com/watch?v=3mnSDifDSxQ,"Sep 22, 2020","401,550","4,211"
Pence speaks at Workers for Trump event,"223,244",https://www.youtube.com/watch?v=n5fTzsY8Aeo,"Streamed live Aug 28, 2020","5,378",245
Mi 10T Pro - FULL  review - hands on - photos + video + audio  + 5G [Xiaomify],"273,298",https://www.youtube.com/watch?v=VX4-v3Fa3LA,"Sep 30, 2020","5,432",165
Wheels On The Bus (School Edition)  + More Nursery Rhymes & Kids Songs - CoComelon,"49,064,417",https://www.youtube.com/watch?v=fKJi4DYorzc,"Sep 18, 2020","238,004","151,490"
